race_id,date,place,race_no,race_name,surface,distance_m,head_count,pace,race_shape,pred_rank,umaban,horse_name,jockey_name,trainer_name,style_pref,P_win,P_top3,strength
202645061901,2026-06-19,川崎,1,3歳9,ダ,1400,8,M,拮抗,1,8,ベリルキャッツアイ,矢野貴之,川崎 高月賢一,,0.32029756540136656,0.5131865431724753,0.25303483413497296
202645061901,2026-06-19,川崎,1,3歳9,ダ,1400,8,M,拮抗,2,4,ゴーゴールイス,古岡勇樹,川崎 加藤誠一,,0.14740208506713684,0.41329188815450824,0.278095591389709
202645061901,2026-06-19,川崎,1,3歳9,ダ,1400,8,M,拮抗,3,1,ラップサイディング,町田直希,川崎 内田勝義,追込,0.10328566818597866,0.36751208133444885,0.40354684134035607
202645061901,2026-06-19,川崎,1,3歳9,ダ,1400,8,M,拮抗,4,5,シイズダイヤモンド,和田譲治,川崎 高月賢一,先行,0.0958483808137543,0.3578930064951038,0.7756097135185542
202645061901,2026-06-19,川崎,1,3歳9,ダ,1400,8,M,拮抗,5,7,フルミネビアンコ,櫻井光輔,川崎 田辺陽一,追込,0.0958483808137543,0.3578930064951038,0.5709073196252419
202645061901,2026-06-19,川崎,1,3歳9,ダ,1400,8,M,拮抗,6,2,ララヴィテス,池谷匠翔,川崎 酒井忍,差し,0.0958483808137543,0.3578930064951038,0.5651756474958262
202645061901,2026-06-19,川崎,1,3歳9,ダ,1400,8,M,拮抗,7,6,クロムブレイズ,伊藤裕人,川崎 酒井忍,先行,0.08486260023314265,0.3422238920975619,0.5063075818575572
202645061901,2026-06-19,川崎,1,3歳9,ダ,1400,8,M,拮抗,8,3,セッテベロ,加藤雄真,川崎 山崎裕也,差し,0.05660693867111253,0.29010657575569443,0.5598157083639652
202645061902,2026-06-19,川崎,2,3歳8,ダ,1400,9,S,拮抗,1,8,シゴデキ,笹川翼,川崎 山崎誠士,,0.14119996087338327,0.3669564370495138,0.25026874657909143
202645061902,2026-06-19,川崎,2,3歳8,ダ,1400,9,S,拮抗,2,9,ダイリュウラッキー,池谷匠翔,川崎 村田順一,差し,0.1310325803993443,0.3573519053618971,0.3493178111080924
202645061902,2026-06-19,川崎,2,3歳8,ダ,1400,9,S,拮抗,3,7,タイトノット,伊藤裕人,川崎 武井和実,差し,0.11601411931573272,0.341706481216478,0.45041042669413484
202645061902,2026-06-19,川崎,2,3歳8,ダ,1400,9,S,拮抗,4,5,テセラグラディウス,佐野遥久,川崎 高橋宏征,差し,0.1151367996348661,0.3407308865078553,0.3691715198172187
202645061902,2026-06-19,川崎,2,3歳8,ダ,1400,9,S,拮抗,5,4,エルブフォール,加藤雄真,川崎 甲田悟史,差し,0.11320255374041877,0.33855344544805605,0.5811402323764688
202645061902,2026-06-19,川崎,2,3歳8,ダ,1400,9,S,拮抗,6,1,マチダノチエコ,藤江渉,川崎 山田質,差し,0.11320255374041877,0.33855344544805605,0.506093571203588
202645061902,2026-06-19,川崎,2,3歳8,ダ,1400,9,S,拮抗,7,2,アンプリフィ,古岡勇樹,川崎 田辺陽一,追込,0.11320255374041877,0.33855344544805605,0.4568028734269768
202645061902,2026-06-19,川崎,2,3歳8,ダ,1400,9,S,拮抗,8,6,パワーラクーン,野畑凌,川崎 茂木浩幸,差し,0.09447086934451136,0.3153055876082049,0.5214271738473226
202645061902,2026-06-19,川崎,2,3歳8,ダ,1400,9,S,拮抗,9,3,ユノアール,中山遥人,川崎 林隆之,差し,0.06253800921090595,0.262288365911883,0.5984220008741487
202645061903,2026-06-19,川崎,3,スパーキングデビュー新馬(2歳),ダ,900,6,S,拮抗,1,6,ミヤフィデース,中越琉世,川崎 鈴木義久,,0.16666666666666666,0.5,0.28583353253612176
202645061903,2026-06-19,川崎,3,スパーキングデビュー新馬(2歳),ダ,900,6,S,拮抗,2,5,ユルディズ,笹川翼,川崎 山田質,,0.16666666666666666,0.5,0.2855700320166684
202645061903,2026-06-19,川崎,3,スパーキングデビュー新馬(2歳),ダ,900,6,S,拮抗,3,3,ラウロカンピオーネ,町田直希,川崎 佐々木仁,,0.16666666666666666,0.5,0.28280605271721443
202645061903,2026-06-19,川崎,3,スパーキングデビュー新馬(2歳),ダ,900,6,S,拮抗,4,4,インディゴールド,野畑凌,川崎 田辺陽一,,0.16666666666666666,0.5,0.2825771724690319
202645061903,2026-06-19,川崎,3,スパーキングデビュー新馬(2歳),ダ,900,6,S,拮抗,5,2,ロビンマジョリティ,池谷匠翔,川崎 田島寿一,,0.16666666666666666,0.5,0.26923887031868005
202645061903,2026-06-19,川崎,3,スパーキングデビュー新馬(2歳),ダ,900,6,S,拮抗,6,1,ブランソックス,新原周馬,川崎 林隆之,,0.16666666666666666,0.5,0.26218484958947386
202645061904,2026-06-19,川崎,4,スパーキングデビュー新馬(2歳),ダ,900,5,S,拮抗,1,4,ピュアサロンガ,矢野貴之,川崎 内田勝義,,0.2,0.6000000000000001,0.28382915921288016
202645061904,2026-06-19,川崎,4,スパーキングデビュー新馬(2歳),ダ,900,5,S,拮抗,2,5,ウィズサークレット,町田直希,川崎 山崎裕也,,0.2,0.6000000000000001,0.2835679574791192
202645061904,2026-06-19,川崎,4,スパーキングデビュー新馬(2歳),ダ,900,5,S,拮抗,3,3,ダムブランシュ,増田充宏,川崎 鈴木義久,,0.2,0.6000000000000001,0.2804515003806342
202645061904,2026-06-19,川崎,4,スパーキングデビュー新馬(2歳),ダ,900,5,S,拮抗,4,2,バースバイパー,佐野遥久,川崎 久保秀男,,0.2,0.6000000000000001,0.27656859483511453
202645061904,2026-06-19,川崎,4,スパーキングデビュー新馬(2歳),ダ,900,5,S,拮抗,5,1,アイビーペネロペ,古岡勇樹,川崎 平田正一,,0.2,0.6000000000000001,0.26211943244727426
202645061905,2026-06-19,川崎,5,ヴェルザンディ賞(C2C3),ダ,2000,10,M,拮抗,1,8,モナークスラッガー,加藤雄真,川崎 田島寿一,差し,0.12064332329259374,0.32805869051544106,0.47934225614679343
202645061905,2026-06-19,川崎,5,ヴェルザンディ賞(C2C3),ダ,2000,10,M,拮抗,2,1,マイアイガー,田中涼,川崎 加藤誠一,先行,0.12064332329259374,0.32805869051544106,0.4659234956393906
202645061905,2026-06-19,川崎,5,ヴェルザンディ賞(C2C3),ダ,2000,10,M,拮抗,3,3,タイセイルシエル,町田直希,川崎 内田勝義,追込,0.12064332329259374,0.32805869051544106,0.343415619620899
202645061905,2026-06-19,川崎,5,ヴェルザンディ賞(C2C3),ダ,2000,10,M,拮抗,4,9,ファイナルワンダー,笹川翼,川崎 田島寿一,差し,0.11861657030387754,0.32596223113638845,0.42601306352086526
202645061905,2026-06-19,川崎,5,ヴェルザンディ賞(C2C3),ダ,2000,10,M,拮抗,5,4,ワンラヴ,藤江渉,川崎 村田六郎,差し,0.11861657030387754,0.32596223113638845,0.37829299341530737
202645061905,2026-06-19,川崎,5,ヴェルザンディ賞(C2C3),ダ,2000,10,M,拮抗,6,10,アイビーブリッツ,新原周馬,川崎 山崎誠士,差し,0.10274412746369657,0.3081862177036815,0.43251059204000375
202645061905,2026-06-19,川崎,5,ヴェルザンディ賞(C2C3),ダ,2000,10,M,拮抗,7,7,バイアルド,野畑凌,川崎 茂木浩幸,差し,0.09898902582151418,0.3035789893986164,0.40620042673822254
202645061905,2026-06-19,川崎,5,ヴェルザンディ賞(C2C3),ダ,2000,10,M,拮抗,8,2,スマイルフェリス,佐野遥久,川崎 高橋宏征,差し,0.08927090834275271,0.29079237435601163,0.6651137018182242
202645061905,2026-06-19,川崎,5,ヴェルザンディ賞(C2C3),ダ,2000,10,M,拮抗,9,5,アンジェラカフェ,岡村裕基,川崎 山田正実,差し,0.05491641394325013,0.23067094236129504,0.5752388363803972
202645061905,2026-06-19,川崎,5,ヴェルザンディ賞(C2C3),ダ,2000,10,M,拮抗,10,6,ポケットシンデレラ,七夕裕次,浦和 長谷川忍,先行,0.05491641394325013,0.23067094236129504,0.49229263184787025
202645061906,2026-06-19,川崎,6,雲神賞(C2),ダ,900,11,M,拮抗,1,7,イクノガキタゾ,菅原涼太,川崎 佐々木仁,差し,0.13761592372891804,0.3297521716085511,0.534644722338951
202645061906,2026-06-19,川崎,6,雲神賞(C2),ダ,900,11,M,拮抗,2,1,ヒシルリアン,岡田大,浦和 川島豊,追込,0.11920111981332591,0.3117694776886372,0.36564646907181514
202645061906,2026-06-19,川崎,6,雲神賞(C2),ダ,900,11,M,拮抗,3,8,ダッシングマン,藤江渉,川崎 平田正一,先行,0.11484454652966881,0.30710868145652426,0.43173667686177314
202645061906,2026-06-19,川崎,6,雲神賞(C2),ダ,900,11,M,拮抗,4,9,オースター,西啓太,川崎 山崎裕也,先行,0.10356983414909861,0.2941733973190892,0.51294179424788
202645061906,2026-06-19,川崎,6,雲神賞(C2),ダ,900,11,M,拮抗,5,2,リュウノシンクウハ,増田充宏,川崎 高月賢一,差し,0.09407552421411278,0.2821375490748636,0.5026715032114506
202645061906,2026-06-19,川崎,6,雲神賞(C2),ダ,900,11,M,拮抗,6,10,レターフロムパリ,櫻井光輔,川崎 久保勇,差し,0.09407552421411278,0.2821375490748636,0.38615232892971785
202645061906,2026-06-19,川崎,6,雲神賞(C2),ダ,900,11,M,拮抗,7,4,メイショウユウモウ,佐野遥久,川崎 武井和実,差し,0.08310594512574823,0.266617502958445,0.5242884721645531
202645061906,2026-06-19,川崎,6,雲神賞(C2),ダ,900,11,M,拮抗,8,6,クラウディルックス,池谷匠翔,川崎 内田勝義,差し,0.07602501552624931,0.25546973279990376,0.4207100111217759
202645061906,2026-06-19,川崎,6,雲神賞(C2),ダ,900,11,M,拮抗,9,3,ティロワール,中越琉世,川崎 今井輝和,追込,0.06371262474812049,0.23335293756411096,0.4670481875962909
202645061906,2026-06-19,川崎,6,雲神賞(C2),ダ,900,11,M,拮抗,10,5,ポルタフェリーチェ,山林堂信,川崎 平田正一,差し,0.06158020695634621,0.22909152540874875,0.3867594761041247
202645061906,2026-06-19,川崎,6,雲神賞(C2),ダ,900,11,M,拮抗,11,11,ゴーゴーダンサー,加藤雄真,川崎 安池成実,差し,0.05219373499429877,0.20838947504626287,0.5070654303195695
202645061907,2026-06-19,川崎,7,C1一二,ダ,1400,12,M,拮抗,1,12,ミヤビモルタル,矢野貴之,船橋 岩崎真樹,差し,0.1174528893050006,0.2972713836933289,0.4043365407202617
202645061907,2026-06-19,川崎,7,C1一二,ダ,1400,12,M,拮抗,2,11,アマモト,福原杏,川崎 山崎裕也,差し,0.1174528893050006,0.2972713836933289,0.38446569770099187
202645061907,2026-06-19,川崎,7,C1一二,ダ,1400,12,M,拮抗,3,6,オニノタマゴ,古岡勇樹,川崎 安池成実,先行,0.07954493928559409,0.24586996968694705,0.6354213353625119
202645061907,2026-06-19,川崎,7,C1一二,ダ,1400,12,M,拮抗,4,1,ヒソカ,安藤洋一,川崎 佐藤博紀,差し,0.07954493928559409,0.24586996968694705,0.46706775622085855
202645061907,2026-06-19,川崎,7,C1一二,ダ,1400,12,M,拮抗,5,10,ライヴドライバー,中越琉世,川崎 山崎尋美,追込,0.07954493928559409,0.24586996968694705,0.40333249607065746
202645061907,2026-06-19,川崎,7,C1一二,ダ,1400,12,M,拮抗,6,4,ヴォラーレ,伊藤裕人,川崎 村田順一,先行,0.07688262480006178,0.24137997573872585,0.6614879556256807
202645061907,2026-06-19,川崎,7,C1一二,ダ,1400,12,M,拮抗,7,7,エスジースパークル,池谷匠翔,川崎 田島寿一,差し,0.07688262480006178,0.24137997573872585,0.5982549588053568
202645061907,2026-06-19,川崎,7,C1一二,ダ,1400,12,M,拮抗,8,8,ショウナンマンテン,岡村裕基,川崎 武井和実,差し,0.07688262480006178,0.24137997573872585,0.4756812510191382
202645061907,2026-06-19,川崎,7,C1一二,ダ,1400,12,M,拮抗,9,3,アトラスライズ,櫻井光輔,川崎 久保勇,差し,0.07688262480006178,0.24137997573872585,0.4451968922095752
202645061907,2026-06-19,川崎,7,C1一二,ダ,1400,12,M,拮抗,10,2,ベルトネ,山中悠希,船橋 山下貴之,差し,0.07688262480006178,0.24137997573872585,0.44026576685604824
202645061907,2026-06-19,川崎,7,C1一二,ダ,1400,12,M,拮抗,11,5,リコーターター,西啓太,川崎 久保秀男,差し,0.07688262480006178,0.24137997573872585,0.4386462024554622
202645061907,2026-06-19,川崎,7,C1一二,ダ,1400,12,M,拮抗,12,9,ボルドーティラミス,中山遥人,川崎 田辺陽一,先行,0.06516365473284569,0.21956746912014669,0.606431359485339
202645061908,2026-06-19,川崎,8,C1一二,ダ,1400,12,S,拮抗,1,8,スターアドミラル,佐野遥久,川崎 高月賢一,追込,0.12012101005419482,0.29848159526412826,0.46669736476536366
202645061908,2026-06-19,川崎,8,C1一二,ダ,1400,12,S,拮抗,2,7,ノーブルウィスパー,岡村裕基,川崎 佐々木仁,差し,0.10910944371803302,0.28626948085462356,0.44045818256568764
202645061908,2026-06-19,川崎,8,C1一二,ダ,1400,12,S,拮抗,3,3,バトルクリーク,木間塚龍,船橋 斉藤敏,差し,0.09638685001312469,0.2705221421570436,0.4052714427697003
202645061908,2026-06-19,川崎,8,C1一二,ダ,1400,12,S,拮抗,4,9,ウワサノアノコ,櫻井光輔,川崎 高橋宏征,差し,0.08817433888377421,0.25921111182295115,0.4357242258180447
202645061908,2026-06-19,川崎,8,C1一二,ダ,1400,12,S,拮抗,5,5,ランニングホット,矢野貴之,川崎 山崎裕也,先行,0.07389434289264749,0.23677041397511378,0.5940055383892593
202645061908,2026-06-19,川崎,8,C1一二,ダ,1400,12,S,拮抗,6,2,アルティメット,中越琉世,川崎 武井和実,差し,0.07389434289264749,0.23677041397511378,0.5230804944960967
202645061908,2026-06-19,川崎,8,C1一二,ダ,1400,12,S,拮抗,7,6,タキ,古岡勇樹,川崎 甲田悟史,追込,0.07389434289264749,0.23677041397511378,0.4980664559897296
202645061908,2026-06-19,川崎,8,C1一二,ダ,1400,12,S,拮抗,8,10,モジモジ,加藤雄真,川崎 安池成実,差し,0.07389434289264749,0.23677041397511378,0.4792407125536753
202645061908,2026-06-19,川崎,8,C1一二,ダ,1400,12,S,拮抗,9,4,ブリヤンオーブ,鷹見陸,船橋 山下貴之,差し,0.07389434289264749,0.23677041397511378,0.38909639971440735
202645061908,2026-06-19,川崎,8,C1一二,ダ,1400,12,S,拮抗,10,12,ニシノヒミチュ,野畑凌,川崎 久保秀男,差し,0.07389434289264749,0.23677041397511378,0.3784563838743728
202645061908,2026-06-19,川崎,8,C1一二,ダ,1400,12,S,拮抗,11,11,ヴィトーリアヘーザ,新原周馬,川崎 酒井忍,差し,0.0714211499874941,0.23244659302528542,0.6515763015435391
202645061908,2026-06-19,川崎,8,C1一二,ダ,1400,12,S,拮抗,12,1,ジーティーアグリム,本田正重,川崎 山崎尋美,差し,0.0714211499874941,0.23244659302528542,0.49237237117961424
202645061909,2026-06-19,川崎,9,レーニョ賞(C1),ダ,1600,12,M,拮抗,1,1,ガルニエ,西啓太,川崎 秋山直之,差し,0.10300901043980062,0.27981975677821846,0.5021158293630916
202645061909,2026-06-19,川崎,9,レーニョ賞(C1),ダ,1600,12,M,拮抗,2,7,ベリーク,町田直希,川崎 高月賢一,差し,0.08632651216704101,0.2555949055766066,0.5269259702594322
202645061909,2026-06-19,川崎,9,レーニョ賞(C1),ダ,1600,12,M,拮抗,3,6,ダイゴホマレリュウ,藤江渉,川崎 山田質,差し,0.08632651216704101,0.2555949055766066,0.5158977441548196
202645061909,2026-06-19,川崎,9,レーニョ賞(C1),ダ,1600,12,M,拮抗,4,8,プルーフリーダー,笹川翼,川崎 加藤誠一,差し,0.08632651216704101,0.2555949055766066,0.46285418075276097
202645061909,2026-06-19,川崎,9,レーニョ賞(C1),ダ,1600,12,M,拮抗,5,11,ウインメラナイト,古岡勇樹,川崎 古澤悟,先行,0.08632651216704101,0.2555949055766066,0.4537987444458033
202645061909,2026-06-19,川崎,9,レーニョ賞(C1),ダ,1600,12,M,拮抗,6,5,マルターズヴェロス,岡村健司,船橋 斉藤敏,差し,0.08632651216704101,0.2555949055766066,0.40634373393406303
202645061909,2026-06-19,川崎,9,レーニョ賞(C1),ダ,1600,12,M,拮抗,7,12,アイビーガオー,新原周馬,川崎 茂木浩幸,差し,0.08632651216704101,0.2555949055766066,0.4044557229022331
202645061909,2026-06-19,川崎,9,レーニョ賞(C1),ダ,1600,12,M,拮抗,8,2,コルネットロッソ,御神本訓,川崎 林隆之,差し,0.083437223094827,0.2509273181494136,0.619583641630082
202645061909,2026-06-19,川崎,9,レーニョ賞(C1),ダ,1600,12,M,拮抗,9,9,ニキ,和田譲治,浦和 野口寛仁,先行,0.083437223094827,0.2509273181494136,0.6106388744977157
202645061909,2026-06-19,川崎,9,レーニョ賞(C1),ダ,1600,12,M,拮抗,10,10,ヴィヴィッドムーン,本田正重,川崎 高月賢一,先行,0.0707191567894331,0.22825205782110508,0.513707228030889
202645061909,2026-06-19,川崎,9,レーニョ賞(C1),ダ,1600,12,M,拮抗,11,3,タイムトゥキル,池谷匠翔,川崎 内田勝義,差し,0.0707191567894331,0.22825205782110508,0.4855619239148652
202645061909,2026-06-19,川崎,9,レーニョ賞(C1),ダ,1600,12,M,拮抗,12,4,クリスタルアロー,加藤雄真,川崎 山崎尋美,差し,0.0707191567894331,0.22825205782110508,0.4711864905229827
202645061910,2026-06-19,川崎,10,千軍万馬賞(B2B3),ダ,900,11,S,拮抗,1,10,ラヴォミ,岡村健司,川崎 林隆之,差し,0.12091673254729363,0.31131689897343273,0.43539259803251645
202645061910,2026-06-19,川崎,10,千軍万馬賞(B2B3),ダ,900,11,S,拮抗,2,7,ライヴペッパー,藤本現暉,川崎 山崎裕也,追込,0.12091673254729363,0.31131689897343273,0.3905828835137322
202645061910,2026-06-19,川崎,10,千軍万馬賞(B2B3),ダ,900,11,S,拮抗,3,1,プレストルーチェ,山中悠希,川崎 高橋宏征,差し,0.12091673254729363,0.31131689897343273,0.36344566936331646
202645061910,2026-06-19,川崎,10,千軍万馬賞(B2B3),ダ,900,11,S,拮抗,4,11,タツノマッハ,櫻井光輔,川崎 田辺陽一,差し,0.10473649802473445,0.29433955359606323,0.4754028632972561
202645061910,2026-06-19,川崎,10,千軍万馬賞(B2B3),ダ,900,11,S,拮抗,5,4,ポッドレオ,古岡勇樹,川崎 佐々木仁,先行,0.10090857904349555,0.2899393259261423,0.45845677269206686
202645061910,2026-06-19,川崎,10,千軍万馬賞(B2B3),ダ,900,11,S,拮抗,6,5,ボニーマジェスティ,町田直希,川崎 平田正一,追込,0.10090857904349555,0.2899393259261423,0.35653159077059443
202645061910,2026-06-19,川崎,10,千軍万馬賞(B2B3),ダ,900,11,S,拮抗,7,9,アイルプロテクト,笹川翼,川崎 高月賢一,差し,0.08265980195033171,0.26636424085849303,0.4712073617635363
202645061910,2026-06-19,川崎,10,千軍万馬賞(B2B3),ダ,900,11,S,拮抗,8,6,カンノンアーニモ,佐野遥久,川崎 河津裕昭,差し,0.07302134133586842,0.2517118653932489,0.4904530309383019
202645061910,2026-06-19,川崎,10,千軍万馬賞(B2B3),ダ,900,11,S,拮抗,9,3,ランラン,山林堂信,川崎 平田正一,差し,0.06679965675628871,0.24118732746739874,0.46899016698187446
202645061910,2026-06-19,川崎,10,千軍万馬賞(B2B3),ダ,900,11,S,拮抗,10,2,トリプルアクセル,西啓太,川崎 山崎裕也,差し,0.054107673101952344,0.2162838319561064,0.5525468396153094
202645061910,2026-06-19,川崎,10,千軍万馬賞(B2B3),ダ,900,11,S,拮抗,11,8,グランドフロイデ,加藤雄真,川崎 河津裕昭,差し,0.054107673101952344,0.2162838319561064,0.47284240893612034
202645061911,2026-06-19,川崎,11,短夜特別(B1B2),ダ,1500,11,M,拮抗,1,10,リジン,和田譲治,浦和 水野貴史,追込,0.14422774670007196,0.3394391411095383,0.333855719673075
202645061911,2026-06-19,川崎,11,短夜特別(B1B2),ダ,1500,11,M,拮抗,2,6,タマモヴェナトル,櫻井光輔,川崎 林隆之,追込,0.12492819470998921,0.3209281783181928,0.3499344571976063
202645061911,2026-06-19,川崎,11,短夜特別(B1B2),ダ,1500,11,M,拮抗,3,11,ホッコーソムニウム,佐野遥久,川崎 山崎裕也,先行,0.12036230777619712,0.31613046413727436,0.6155937968865544
202645061911,2026-06-19,川崎,11,短夜特別(B1B2),ダ,1500,11,M,拮抗,4,7,ピノマハナ,西啓太,浦和 野口孝,差し,0.09859542783549514,0.29042576691931166,0.6145091064622511
202645061911,2026-06-19,川崎,11,短夜特別(B1B2),ダ,1500,11,M,拮抗,5,8,スノーシュー,本田正重,川崎 内田勝義,差し,0.09859542783549514,0.29042576691931166,0.5207598046611654
202645061911,2026-06-19,川崎,11,短夜特別(B1B2),ダ,1500,11,M,拮抗,6,2,エコロネオ,鷹見陸,川崎 鈴木義久,差し,0.09859542783549514,0.29042576691931166,0.36764992623031595
202645061911,2026-06-19,川崎,11,短夜特別(B1B2),ダ,1500,11,M,拮抗,7,1,シャンパンファイト,新原周馬,川崎 甲田悟史,先行,0.07967767381184827,0.2629745431487975,0.6096813156045894
202645061911,2026-06-19,川崎,11,短夜特別(B1B2),ダ,1500,11,M,拮抗,8,3,エレファントラン,御神本訓,川崎 山崎尋美,差し,0.06677372832136644,0.24020803355369172,0.5368265022565535
202645061911,2026-06-19,川崎,11,短夜特別(B1B2),ダ,1500,11,M,拮抗,9,5,デアシュトゥルム,中山遥人,川崎 鈴木義久,差し,0.06677372832136644,0.24020803355369172,0.5193280038340728
202645061911,2026-06-19,川崎,11,短夜特別(B1B2),ダ,1500,11,M,拮抗,10,4,ミスマルゴー,野畑凌,川崎 佐藤博紀,先行,0.05470140799197751,0.21451123151340828,0.5175645421852396
202645061911,2026-06-19,川崎,11,短夜特別(B1B2),ダ,1500,11,M,拮抗,11,9,サザンカ,増田充宏,川崎 長友豊,差し,0.046768928860697584,0.19432307390747,0.5273930579224697
202645061912,2026-06-19,川崎,12,ファイナルアンサー賞(C2),ダ,1500,13,M,拮抗,1,6,セイウンパイオニア,山林堂信,川崎 田辺陽一,追込,0.1070819174365034,0.27489749051159834,0.4069293195702296
202645061912,2026-06-19,川崎,12,ファイナルアンサー賞(C2),ダ,1500,13,M,拮抗,2,10,ユウユウスプレマン,伊藤裕人,川崎 久保秀男,先行,0.08209364579896217,0.24059987145660844,0.5317250116344527
202645061912,2026-06-19,川崎,12,ファイナルアンサー賞(C2),ダ,1500,13,M,拮抗,3,9,フクノバルトラン,藤江渉,川崎 山田質,追込,0.08209364579896217,0.24059987145660844,0.5210546068999177
202645061912,2026-06-19,川崎,12,ファイナルアンサー賞(C2),ダ,1500,13,M,拮抗,4,7,グラスアラバニーユ,佐野遥久,川崎 吉橋淳一,差し,0.08209364579896217,0.24059987145660844,0.4648216786000097
202645061912,2026-06-19,川崎,12,ファイナルアンサー賞(C2),ダ,1500,13,M,拮抗,5,12,カツコノヒヤザケ,岡村裕基,川崎 田島寿一,追込,0.08209364579896217,0.24059987145660844,0.3780724987892254
202645061912,2026-06-19,川崎,12,ファイナルアンサー賞(C2),ダ,1500,13,M,拮抗,6,1,カフェランデブー,池谷匠翔,川崎 吉橋淳一,差し,0.07934602785690764,0.23620611825381413,0.5306074193871106
202645061912,2026-06-19,川崎,12,ファイナルアンサー賞(C2),ダ,1500,13,M,拮抗,7,13,キアラボヌール,古岡勇樹,川崎 田島寿一,差し,0.07934602785690764,0.23620611825381413,0.47633273065550724
202645061912,2026-06-19,川崎,12,ファイナルアンサー賞(C2),ダ,1500,13,M,拮抗,8,2,オトコユメラク,増田充宏,川崎 山崎裕也,先行,0.07934602785690764,0.23620611825381413,0.46564654952890244
202645061912,2026-06-19,川崎,12,ファイナルアンサー賞(C2),ダ,1500,13,M,拮抗,9,11,カルストンオリビア,野畑凌,川崎 八木正喜,差し,0.06725156922173828,0.21486115166330833,0.6648946984167391
202645061912,2026-06-19,川崎,12,ファイナルアンサー賞(C2),ダ,1500,13,M,拮抗,10,4,コミックガール,櫻井光輔,川崎 吉橋淳一,差し,0.06725156922173828,0.21486115166330833,0.5132342567548258
202645061912,2026-06-19,川崎,12,ファイナルアンサー賞(C2),ダ,1500,13,M,拮抗,11,8,ハナチャン,田中涼,川崎 山田質,先行,0.06725156922173828,0.21486115166330833,0.4390370341833383
202645061912,2026-06-19,川崎,12,ファイナルアンサー賞(C2),ダ,1500,13,M,拮抗,12,3,ウロボロス,加藤雄真,川崎 山崎尋美,差し,0.06725156922173828,0.21486115166330833,0.41977472581710035
202645061912,2026-06-19,川崎,12,ファイナルアンサー賞(C2),ダ,1500,13,M,拮抗,13,5,エムティラヴ,中越琉世,川崎 古澤悟,差し,0.0574991389099718,0.19464006224729258,0.5810391397537716
202648061901,2026-06-19,名古屋,1,C6組,ダ,1500,10,S,拮抗,1,8,モンサンケイティ,細川智史,愛知 迫田清美,逃げ,0.12750375313485857,0.3378311758603096,0.4651523378582203
202648061901,2026-06-19,名古屋,1,C6組,ダ,1500,10,S,拮抗,2,5,ジャストハンマー,丸山真一,愛知 服部功,差し,0.12750375313485857,0.3378311758603096,0.28960331825037705
202648061901,2026-06-19,名古屋,1,C6組,ダ,1500,10,S,拮抗,3,3,ダックリン,筒井勇介,愛知 戸部尚実,,0.12750375313485857,0.3378311758603096,0.24433333333333335
202648061901,2026-06-19,名古屋,1,C6組,ダ,1500,10,S,拮抗,4,6,フランキンローズ,加藤利征,愛知 倉地学,,0.12750375313485857,0.3378311758603096,0.24433333333333335
202648061901,2026-06-19,名古屋,1,C6組,ダ,1500,10,S,拮抗,5,4,オレイニウタイマス,望月洵輝,愛知 坂口義幸,差し,0.11044208941994141,0.31940790179219425,0.3855972850678734
202648061901,2026-06-19,名古屋,1,C6組,ダ,1500,10,S,拮抗,6,2,ブルースバローズ,加藤聡一,愛知 角田輝也,差し,0.11044208941994141,0.31940790179219425,0.2832503770739065
202648061901,2026-06-19,名古屋,1,C6組,ダ,1500,10,S,拮抗,7,1,スイングボーイ,大畑慧悟,愛知 倉地学,差し,0.09595940795033121,0.30138071339558936,0.32151885369532435
202648061901,2026-06-19,名古屋,1,C6組,ダ,1500,10,S,拮抗,8,7,キタノプレンティ,木之前葵,愛知 横井将人,追込,0.05903095046951442,0.23907013835021762,0.24029864253393665
202648061901,2026-06-19,名古屋,1,C6組,ダ,1500,10,S,拮抗,9,10,カミーチェ,小笠原羚,愛知 地辺幸一,差し,0.057055225100418674,0.23470432061428342,0.31674962292609354
202648061901,2026-06-19,名古屋,1,C6組,ダ,1500,10,S,拮抗,10,9,トークン,近藤颯羽,愛知 井上哲,追込,0.057055225100418674,0.23470432061428342,0.22863650075414782
202648061902,2026-06-19,名古屋,2,C5組,ダ,1500,11,M,拮抗,1,4,ノーブルカグラ,大畑雅章,愛知 倉地学,,0.12486635533837782,0.31915122223357434,0.24578787878787878
202648061902,2026-06-19,名古屋,2,C5組,ダ,1500,11,M,拮抗,2,7,ブリリアントギフト,望月洵輝,愛知 戸部尚実,,0.12486635533837782,0.31915122223357434,0.24578787878787878
202648061902,2026-06-19,名古屋,2,C5組,ダ,1500,11,M,拮抗,3,2,メイショウイッシン,丹羽克輝,愛知 櫻井今朝,,0.12486635533837782,0.31915122223357434,0.22045454545454546
202648061902,2026-06-19,名古屋,2,C5組,ダ,1500,11,M,拮抗,4,6,キラークラウン,丸山真一,愛知 伊藤勝己,追込,0.10228494247333633,0.2932009059404428,0.3255963252433841
202648061902,2026-06-19,名古屋,2,C5組,ダ,1500,11,M,拮抗,5,9,アルゴフィリオ,塚本征吾,愛知 櫻井今朝,先行,0.09035811266948221,0.2770722779131116,0.4195616344439874
202648061902,2026-06-19,名古屋,2,C5組,ダ,1500,11,M,拮抗,6,11,ロジスクリーン,細川智史,愛知 瀬戸口悟,差し,0.09035811266948221,0.2770722779131116,0.3853082407788291
202648061902,2026-06-19,名古屋,2,C5組,ダ,1500,11,M,拮抗,7,3,トークダウン,友森翔太,愛知 安部幸夫,,0.09035811266948221,0.2770722779131116,0.31245454545454543
202648061902,2026-06-19,名古屋,2,C5組,ダ,1500,11,M,拮抗,8,1,ストラティファイド,大畑慧悟,愛知 竹下太,先行,0.06927245116758161,0.2425033212417474,0.383836144247909
202648061902,2026-06-19,名古屋,2,C5組,ダ,1500,11,M,拮抗,9,5,リケアディンブラ,加藤誓二,愛知 荒巻透,差し,0.06927245116758161,0.2425033212417474,0.3556159330865214
202648061902,2026-06-19,名古屋,2,C5組,ダ,1500,11,M,拮抗,10,10,カフジキームン,小笠原羚,愛知 原口次夫,差し,0.056748375583960176,0.21656097556800225,0.3914439873851639
202648061902,2026-06-19,名古屋,2,C5組,ダ,1500,11,M,拮抗,11,8,ウォーターリッシュ,近藤颯羽,愛知 塚田隆男,追込,0.056748375583960176,0.21656097556800225,0.38343041272453043
202648061903,2026-06-19,名古屋,3,C4組,ダ,1500,11,S,拮抗,1,7,マイチャージ,丸山真一,愛知 竹之下昭,,0.12052344627976376,0.3138129697102114,0.24821212121212122
202648061903,2026-06-19,名古屋,3,C4組,ダ,1500,11,S,拮抗,2,2,ギースバッハ,筒井勇介,愛知 藤ヶ崎一,,0.12052344627976376,0.3138129697102114,0.2362121212121212
202648061903,2026-06-19,名古屋,3,C4組,ダ,1500,11,S,拮抗,3,5,ルークピオーネ,丹羽克輝,愛知 竹下直人,差し,0.10947498836908116,0.30097358547314884,0.3068003565062388
202648061903,2026-06-19,名古屋,3,C4組,ダ,1500,11,S,拮抗,4,3,リックトメンマ,大原浩司,愛知 櫻井今朝,,0.10947498836908116,0.30097358547314884,0.24821212121212122
202648061903,2026-06-19,名古屋,3,C4組,ダ,1500,11,S,拮抗,5,4,ピークブルーム,細川智史,愛知 沖田明子,先行,0.09670977070864882,0.28441739172409325,0.3814474153297682
202648061903,2026-06-19,名古屋,3,C4組,ダ,1500,11,S,拮抗,6,8,ロジアンドモルタル,大畑雅章,愛知 今津博之,差し,0.08846974555839685,0.27252537534538546,0.2863539010009598
202648061903,2026-06-19,名古屋,3,C4組,ダ,1500,11,S,拮抗,7,6,アイルフィレール,大畑慧悟,愛知 榎屋充,差し,0.07414190791421364,0.2489320210289569,0.2893976415741122
202648061903,2026-06-19,名古屋,3,C4組,ダ,1500,11,S,拮抗,8,9,トップパワー,明星晴大,愛知 井上哲,差し,0.07414190791421364,0.2489320210289569,0.2727520910462087
202648061903,2026-06-19,名古屋,3,C4組,ダ,1500,11,S,拮抗,9,10,マルシェ,塚本征吾,愛知 安部幸夫,差し,0.07414190791421364,0.2489320210289569,0.26931921020156313
202648061903,2026-06-19,名古屋,3,C4組,ダ,1500,11,S,拮抗,10,1,ノブノリオウ,小笠原羚,愛知 竹之下昭,追込,0.07166042917781887,0.24438610893826285,0.2919421362950775
202648061903,2026-06-19,名古屋,3,C4組,ダ,1500,11,S,拮抗,11,11,メイショウオハコ,近藤颯羽,愛知 藤ヶ崎一,差し,0.060737461514804816,0.22230195053866683,0.3650542986425339
202648061904,2026-06-19,名古屋,4,B12組,ダ,1500,9,S,拮抗,1,9,サンライズテソロ,加藤誓二,愛知 植松則幸,差し,0.12766841574406615,0.3556028077902227,0.31765828724652256
202648061904,2026-06-19,名古屋,4,B12組,ダ,1500,9,S,拮抗,2,6,ソルトミラクル,丹羽克輝,愛知 竹之下昭,追込,0.12766841574406615,0.3556028077902227,0.3063747276688453
202648061904,2026-06-19,名古屋,4,B12組,ダ,1500,9,S,拮抗,3,1,ブリージョドラード,大畑雅章,愛知 本名信行,差し,0.1255236443956642,0.35333032770308365,0.31765828724652256
202648061904,2026-06-19,名古屋,4,B12組,ダ,1500,9,S,拮抗,4,8,ウォーオブサウンド,塚本征吾,愛知 戸部尚実,先行,0.1255236443956642,0.35333032770308365,0.3125617563264622
202648061904,2026-06-19,名古屋,4,B12組,ダ,1500,9,S,拮抗,5,5,フィナルフェリス,友森翔太,愛知 原口次夫,追込,0.1255236443956642,0.35333032770308365,0.26535511982570803
202648061904,2026-06-19,名古屋,4,B12組,ダ,1500,9,S,拮抗,6,3,ミヤイグアス,細川智史,愛知 今津勝之,差し,0.10872694503353257,0.3340618234057108,0.3161680911680912
202648061904,2026-06-19,名古屋,4,B12組,ダ,1500,9,S,拮抗,7,2,インフォーマント,小笠原羚,愛知 地辺幸一,,0.10872694503353257,0.3340618234057108,0.24462962962962959
202648061904,2026-06-19,名古屋,4,B12組,ダ,1500,9,S,拮抗,8,4,ニホンピロケイ,大畑慧悟,愛知 今津勝之,差し,0.09446917681894328,0.3152075765544036,0.42056024803083625
202648061904,2026-06-19,名古屋,4,B12組,ダ,1500,9,S,拮抗,9,7,ショウナンラフィネ,近藤颯羽,愛知 藤ヶ崎一,差し,0.056169168438866546,0.24547217794447862,0.3470874811463047
202648061905,2026-06-19,名古屋,5,B11組,ダ,1500,9,S,拮抗,1,7,アーキハッカー,筒井勇介,愛知 藤ヶ崎一,,0.14544555043120433,0.37446959978681577,0.22462962962962962
202648061905,2026-06-19,名古屋,5,B11組,ダ,1500,9,S,拮抗,2,8,オマタセシマシタ,塚本征吾,愛知 宮下瞳,差し,0.12780130824519875,0.3570524090990569,0.35750745768392833
202648061905,2026-06-19,名古屋,5,B11組,ダ,1500,9,S,拮抗,3,6,ハンクスター,丸野勝虎,愛知 竹下太,差し,0.12565430436318867,0.3547706653333516,0.3476975029327971
202648061905,2026-06-19,名古屋,5,B11組,ダ,1500,9,S,拮抗,4,3,タマモサイジョ,望月洵輝,愛知 藤ヶ崎一,差し,0.12565430436318867,0.3547706653333516,0.32413490866432043
202648061905,2026-06-19,名古屋,5,B11組,ダ,1500,9,S,拮抗,5,1,オーセンティアン,丹羽克輝,愛知 竹之下昭,差し,0.12565430436318867,0.3547706653333516,0.2974048935813642
202648061905,2026-06-19,名古屋,5,B11組,ダ,1500,9,S,拮抗,6,4,カフジジャワ,大畑雅章,愛知 原口次夫,先行,0.10884012099472706,0.3354236137117258,0.36733098709569295
202648061905,2026-06-19,名古屋,5,B11組,ダ,1500,9,S,拮抗,7,2,セイウンピカイチ,今井貴大,愛知 安部幸夫,差し,0.10884012099472706,0.3354236137117258,0.24229177140941846
202648061905,2026-06-19,名古屋,5,B11組,ダ,1500,9,S,拮抗,8,9,オニクダイスキマン,小笠原羚,愛知 井上哲,差し,0.07588235024161563,0.2868459317574105,0.3488739735210324
202648061905,2026-06-19,名古屋,5,B11組,ダ,1500,9,S,拮抗,9,5,ミートザターゲット,近藤颯羽,愛知 竹下太,差し,0.05622763600296119,0.2464728359332103,0.3338386123680241
202648061906,2026-06-19,名古屋,6,健太まだ若いぞ!35歳記念(B),ダ,1500,9,M,拮抗,1,2,ダバイカンティーク,大畑慧悟,愛知 竹下太,,0.14819678232108133,0.3792095562402219,0.23425925925925922
202648061906,2026-06-19,名古屋,6,健太まだ若いぞ!35歳記念(B),ダ,1500,9,M,拮抗,2,8,リストン,阪野学,愛知 荒巻透,,0.13121102502909754,0.36260717002552956,0.2089259259259259
202648061906,2026-06-19,名古屋,6,健太まだ若いぞ!35歳記念(B),ダ,1500,9,M,拮抗,3,9,テーオーニルソン,塚本征吾,愛知 櫻井今朝,差し,0.13021878360810785,0.361571902461607,0.2900149153678565
202648061906,2026-06-19,名古屋,6,健太まだ若いぞ!35歳記念(B),ダ,1500,9,M,拮抗,4,1,カナアミデスマッチ,丹羽克輝,愛知 櫻井今朝,差し,0.12803116723894803,0.3592612768691968,0.40297419138595614
202648061906,2026-06-19,名古屋,6,健太まだ若いぞ!35歳記念(B),ダ,1500,9,M,拮抗,5,3,セレスト,大畑雅章,愛知 荒巻透,先行,0.12803116723894803,0.3592612768691968,0.28158354281883696
202648061906,2026-06-19,名古屋,6,健太まだ若いぞ!35歳記念(B),ダ,1500,9,M,拮抗,6,5,エスパノーラ,丸野勝虎,愛知 今津勝之,差し,0.11089892864398823,0.33966933438796443,0.39959560918384446
202648061906,2026-06-19,名古屋,6,健太まだ若いぞ!35歳記念(B),ダ,1500,9,M,拮抗,7,4,デトネイター,今井貴大,愛知 竹下太,先行,0.10684578459237855,0.3345914493890333,0.38176453829395013
202648061906,2026-06-19,名古屋,6,健太まだ若いぞ!35歳記念(B),ダ,1500,9,M,拮抗,8,6,ヴァルドグラース,木之前葵,愛知 錦見勇夫,先行,0.05927512960220629,0.25423539715147236,0.36964689123512656
202648061906,2026-06-19,名古屋,6,健太まだ若いぞ!35歳記念(B),ダ,1500,9,M,拮抗,9,7,エイシンナザレ,近藤颯羽,愛知 今津勝之,先行,0.057291231725244314,0.24959263660577768,0.38890179319591084
202648061907,2026-06-19,名古屋,7,B9組,ダ,1700,9,S,拮抗,1,6,サノノロンドン,加藤聡一,愛知 竹下直人,差し,0.14032498457525028,0.3732781794447844,0.3706799061504944
202648061907,2026-06-19,名古屋,7,B9組,ダ,1700,9,S,拮抗,2,4,ユイットムーラン,大畑雅章,愛知 宇都英樹,逃げ,0.137967588623966,0.37089274487799045,0.4361022289257584
202648061907,2026-06-19,名古屋,7,B9組,ダ,1700,9,S,拮抗,3,1,ピックアンドロール,望月洵輝,愛知 服部功,差し,0.137967588623966,0.37089274487799045,0.3192530584883526
202648061907,2026-06-19,名古屋,7,B9組,ダ,1700,9,S,拮抗,4,5,スフレ,明星晴大,愛知 井上哲,差し,0.137967588623966,0.37089274487799045,0.2835426512485336
202648061907,2026-06-19,名古屋,7,B9組,ダ,1700,9,S,拮抗,5,9,ルミナスピラー,筒井勇介,愛知 藤ヶ崎一,差し,0.137967588623966,0.37089274487799045,0.2526406904642199
202648061907,2026-06-19,名古屋,7,B9組,ダ,1700,9,S,拮抗,6,8,ヤマカツライコウ,大畑慧悟,愛知 横井将人,差し,0.1038344973789725,0.33087508800785503,0.28388050946874477
202648061907,2026-06-19,名古屋,7,B9組,ダ,1700,9,S,拮抗,7,7,フローラビーナス,近藤颯羽,愛知 藤ヶ崎一,,0.07621929049372125,0.28734267304199307,0.25351851851851853
202648061907,2026-06-19,名古屋,7,B9組,ダ,1700,9,S,拮抗,8,2,イナズマライン,小笠原羚,愛知 井上哲,追込,0.06387543652809598,0.26246653999670294,0.3589257583375231
202648061907,2026-06-19,名古屋,7,B9組,ダ,1700,9,S,拮抗,9,3,ハルノウミ,木之前葵,愛知 井上哲,差し,0.06387543652809598,0.26246653999670294,0.2471263616557734
202648061908,2026-06-19,名古屋,8,七変化雨彩特別(A),ダ,1700,12,M,拮抗,1,1,ルテリブル,塚本征吾,愛知 榎屋充,差し,0.09081171369015772,0.2639703012213306,0.38435545500251383
202648061908,2026-06-19,名古屋,8,七変化雨彩特別(A),ダ,1700,12,M,拮抗,2,5,ジャスパーノワール,細川智史,愛知 角田輝也,差し,0.09081171369015772,0.2639703012213306,0.35222272498743085
202648061908,2026-06-19,名古屋,8,七変化雨彩特別(A),ダ,1700,12,M,拮抗,3,3,カサデガ,丸野勝虎,愛知 戸部尚実,差し,0.09081171369015772,0.2639703012213306,0.3217973856209151
202648061908,2026-06-19,名古屋,8,七変化雨彩特別(A),ダ,1700,12,M,拮抗,4,6,レアリーゼ,今井貴大,愛知 宮本仁,,0.09081171369015772,0.2639703012213306,0.2414444444444444
202648061908,2026-06-19,名古屋,8,七変化雨彩特別(A),ダ,1700,12,M,拮抗,5,4,マサハヤウォルズ,加藤誓二,愛知 今津博之,先行,0.0877723080034517,0.25914976516113997,0.4635681246857718
202648061908,2026-06-19,名古屋,8,七変化雨彩特別(A),ダ,1700,12,M,拮抗,6,11,ボックスオフィス,友森翔太,愛知 塚田隆男,差し,0.0877723080034517,0.25914976516113997,0.41664504776269484
202648061908,2026-06-19,名古屋,8,七変化雨彩特別(A),ダ,1700,12,M,拮抗,7,2,リュクスドレフォン,筒井勇介,愛知 坂口義幸,先行,0.0877723080034517,0.25914976516113997,0.3666752136752137
202648061908,2026-06-19,名古屋,8,七変化雨彩特別(A),ダ,1700,12,M,拮抗,8,12,スカーズ,望月洵輝,愛知 安部幸夫,差し,0.0877723080034517,0.25914976516113997,0.36255756661639016
202648061908,2026-06-19,名古屋,8,七変化雨彩特別(A),ダ,1700,12,M,拮抗,9,7,マカーリオ,加藤聡一,愛知 角田輝也,差し,0.0877723080034517,0.25914976516113997,0.34749270990447456
202648061908,2026-06-19,名古屋,8,七変化雨彩特別(A),ダ,1700,12,M,拮抗,10,10,アンセムバローズ,木之前葵,愛知 安部幸夫,先行,0.07439345871340906,0.2357314764216499,0.44149270990447465
202648061908,2026-06-19,名古屋,8,七変化雨彩特別(A),ダ,1700,12,M,拮抗,11,9,フォルツァエフ,小笠原羚,愛知 迫田清美,,0.07439345871340906,0.2357314764216499,0.2494444444444444
202648061908,2026-06-19,名古屋,8,七変化雨彩特別(A),ダ,1700,12,M,拮抗,12,8,エーオ,近藤颯羽,愛知 藤ヶ崎一,差し,0.04910468779529253,0.17690701646567786,0.4395711412770237
202648061909,2026-06-19,名古屋,9,駿芽疾風特別(3歳),ダ,920,11,S,拮抗,1,4,ネフェルアスティ,望月洵輝,愛知 今津博之,,0.10338391976359561,0.2898843935931253,0.2476060606060606
202648061909,2026-06-19,名古屋,9,駿芽疾風特別(3歳),ダ,920,11,S,拮抗,2,10,ピュアバルキリー,細川智史,愛知 角田輝也,,0.10338391976359561,0.2898843935931253,0.22360606060606064
202648061909,2026-06-19,名古屋,9,駿芽疾風特別(3歳),ダ,920,11,S,拮抗,3,11,スマイルフレイヤ,阪野学,愛知 宮下瞳,,0.10338391976359561,0.2898843935931253,0.22360606060606064
202648061909,2026-06-19,名古屋,9,駿芽疾風特別(3歳),ダ,920,11,S,拮抗,4,9,ゴールドレター,友森翔太,愛知 塚田隆男,,0.09390665271384599,0.2780240261994289,0.35560606060606065
202648061909,2026-06-19,名古屋,9,駿芽疾風特別(3歳),ダ,920,11,S,拮抗,5,7,ワタシイノッテマス,丸野勝虎,愛知 角田輝也,差し,0.09390665271384599,0.2780240261994289,0.3174491978609626
202648061909,2026-06-19,名古屋,9,駿芽疾風特別(3歳),ダ,920,11,S,拮抗,6,3,ツウカイミッキー,丸山真一,愛知 服部功,追込,0.09390665271384599,0.2780240261994289,0.2983164678458796
202648061909,2026-06-19,名古屋,9,駿芽疾風特別(3歳),ダ,920,11,S,拮抗,7,6,ナラティヴハーピー,今井貴大,愛知 沖田明子,,0.09390665271384599,0.2780240261994289,0.2476060606060606
202648061909,2026-06-19,名古屋,9,駿芽疾風特別(3歳),ダ,920,11,S,拮抗,8,8,フルールドゥリュン,丹羽克輝,愛知 竹下直人,,0.09390665271384599,0.2780240261994289,0.2356060606060606
202648061909,2026-06-19,名古屋,9,駿芽疾風特別(3歳),ダ,920,11,S,拮抗,9,2,アンラコル,塚本征吾,愛知 井手上慎,差し,0.08295676471190827,0.26273026001255895,0.2368217468805704
202648061909,2026-06-19,名古屋,9,駿芽疾風特別(3歳),ダ,920,11,S,拮抗,10,5,コスモグロボーサ,大畑慧悟,愛知 植松則幸,追込,0.07588854582770686,0.25174502266011745,0.21150802139037436
202648061909,2026-06-19,名古屋,9,駿芽疾風特別(3歳),ダ,920,11,S,拮抗,11,1,リトルリリイ,小笠原羚,愛知 藤ヶ崎一,,0.06146966660036808,0.22575140555080295,0.243
202648061910,2026-06-19,名古屋,10,瑞駆特別(3歳),ダ,1700,9,S,拮抗,1,9,ゴコクホウジョウ,塚本征吾,愛知 今津博之,,0.1486695302851163,0.379632960014499,0.2215185185185185
202648061910,2026-06-19,名古屋,10,瑞駆特別(3歳),ダ,1700,9,S,拮抗,2,3,ナンゴクドリーム,丸野勝虎,愛知 安部幸夫,,0.13063418172853714,0.36197561303708037,0.24551851851851852
202648061910,2026-06-19,名古屋,10,瑞駆特別(3歳),ダ,1700,9,S,拮抗,3,5,キャメロン,友森翔太,愛知 横井将人,,0.12843958685978768,0.3596624075318472,0.3255185185185185
202648061910,2026-06-19,名古屋,10,瑞駆特別(3歳),ダ,1700,9,S,拮抗,4,2,キタサンフジヤマ,望月洵輝,愛知 藤ヶ崎一,差し,0.12843958685978768,0.3596624075318472,0.28179302832244013
202648061910,2026-06-19,名古屋,10,瑞駆特別(3歳),ダ,1700,9,S,拮抗,5,4,ビアリッツ,加藤聡一,愛知 藤ヶ崎一,差し,0.12843958685978768,0.3596624075318472,0.2729604491369197
202648061910,2026-06-19,名古屋,10,瑞駆特別(3歳),ダ,1700,9,S,拮抗,6,1,カレンショー,小笠原羚,愛知 今津博之,差し,0.11125269639730231,0.3400485898044469,0.37290011731188205
202648061910,2026-06-19,名古屋,10,瑞駆特別(3歳),ダ,1700,9,S,拮抗,7,7,ノーブルスナイパー,大畑慧悟,愛知 倉地学,差し,0.10718662280992049,0.33496503512858244,0.2829393329981565
202648061910,2026-06-19,名古屋,10,瑞駆特別(3歳),ダ,1700,9,S,拮抗,8,6,ローザレイア,木之前葵,愛知 榎屋充,差し,0.05946421735700409,0.2545192619036585,0.343666331489861
202648061910,2026-06-19,名古屋,10,瑞駆特別(3歳),ダ,1700,9,S,拮抗,9,8,シーズンシート,近藤颯羽,愛知 服部功,差し,0.05747399084275663,0.24987131751619146,0.264586391821686
202648061911,2026-06-19,名古屋,11,八仙花雨幻特別(A),ダ,1700,12,S,拮抗,1,4,ソーラレイ,友森翔太,愛知 塚田隆男,,0.10523477501190714,0.2847835779760192,0.3614444444444444
202648061911,2026-06-19,名古屋,11,八仙花雨幻特別(A),ダ,1700,12,S,拮抗,2,2,ララエフォール,塚本征吾,愛知 今津博之,差し,0.08819181008219003,0.26012899360869873,0.35474761186525894
202648061911,2026-06-19,名古屋,11,八仙花雨幻特別(A),ダ,1700,12,S,拮抗,3,8,ニホンピロタイズ,望月洵輝,愛知 今津勝之,差し,0.08819181008219003,0.26012899360869873,0.33014127702363
202648061911,2026-06-19,名古屋,11,八仙花雨幻特別(A),ダ,1700,12,S,拮抗,4,9,ヤルダバオト,山田祥雄,愛知 植松則幸,差し,0.08819181008219003,0.26012899360869873,0.2959391654097536
202648061911,2026-06-19,名古屋,11,八仙花雨幻特別(A),ダ,1700,12,S,拮抗,5,6,フレスコバルディ,丹羽克輝,愛知 沖田明子,,0.08819181008219003,0.26012899360869873,0.2414444444444444
202648061911,2026-06-19,名古屋,11,八仙花雨幻特別(A),ダ,1700,12,S,拮抗,6,7,ハクサンスプリング,大原浩司,愛知 櫻井今朝,,0.08819181008219003,0.26012899360869873,0.2414444444444444
202648061911,2026-06-19,名古屋,11,八仙花雨幻特別(A),ダ,1700,12,S,拮抗,7,11,ヴェッツラー,大畑雅章,愛知 角田輝也,,0.08819181008219003,0.26012899360869873,0.21744444444444444
202648061911,2026-06-19,名古屋,11,八仙花雨幻特別(A),ダ,1700,12,S,拮抗,8,5,ジュンフィレンツェ,丸野勝虎,愛知 迫田清美,追込,0.08819181008219003,0.26012899360869873,0.1817234791352438
202648061911,2026-06-19,名古屋,11,八仙花雨幻特別(A),ダ,1700,12,S,拮抗,9,10,アメストリス,今井貴大,愛知 川西毅,差し,0.0852400907698635,0.25537860620454755,0.40733584715937654
202648061911,2026-06-19,名古屋,11,八仙花雨幻特別(A),ダ,1700,12,S,拮抗,10,1,アイガー,大畑慧悟,愛知 竹下太,差し,0.07224721917037553,0.2323011014486859,0.3452966314731021
202648061911,2026-06-19,名古屋,11,八仙花雨幻特別(A),ダ,1700,12,S,拮抗,11,3,パピタ,小笠原羚,愛知 錦見勇夫,,0.07224721917037553,0.2323011014486859,0.2614444444444444
202648061911,2026-06-19,名古屋,11,八仙花雨幻特別(A),ダ,1700,12,S,拮抗,12,12,フリッパー,近藤颯羽,愛知 瀬戸口悟,追込,0.047688025302148135,0.1743326576611705,0.29798893916540975
202648061912,2026-06-19,名古屋,12,金シャチ最終戦(C),ダ,1500,12,S,拮抗,1,9,コスモララバイ,加藤利征,愛知 錦見勇夫,差し,0.08804980421082179,0.2580804299040393,0.35709552538964306
202648061912,2026-06-19,名古屋,12,金シャチ最終戦(C),ダ,1500,12,S,拮抗,2,11,シャルメイビス,丸野勝虎,愛知 角田輝也,差し,0.08804980421082179,0.2580804299040393,0.28297787833081955
202648061912,2026-06-19,名古屋,12,金シャチ最終戦(C),ダ,1500,12,S,拮抗,3,4,パープルルージュ,大畑慧悟,愛知 安部幸夫,,0.08804980421082179,0.2580804299040393,0.24588888888888888
202648061912,2026-06-19,名古屋,12,金シャチ最終戦(C),ダ,1500,12,S,拮抗,4,8,ネクタール,望月洵輝,愛知 竹下太,,0.08804980421082179,0.2580804299040393,0.24588888888888888
202648061912,2026-06-19,名古屋,12,金シャチ最終戦(C),ダ,1500,12,S,拮抗,5,6,サクリファイス,大畑雅章,愛知 倉地学,,0.08804980421082179,0.2580804299040393,0.23255555555555557
202648061912,2026-06-19,名古屋,12,金シャチ最終戦(C),ダ,1500,12,S,拮抗,6,1,ラブバイオレット,丹羽克輝,愛知 沖田明子,,0.08804980421082179,0.2580804299040393,0.2218888888888889
202648061912,2026-06-19,名古屋,12,金シャチ最終戦(C),ダ,1500,12,S,拮抗,7,12,メイショウキタダケ,柿原翔,愛知 藤ヶ崎一,逃げ,0.08510283773747873,0.2533674526750639,0.3865902463549523
202648061912,2026-06-19,名古屋,12,金シャチ最終戦(C),ダ,1500,12,S,拮抗,8,3,リトルガールブルー,塚本征吾,愛知 宇都英樹,差し,0.08510283773747873,0.2533674526750639,0.3386098541980896
202648061912,2026-06-19,名古屋,12,金シャチ最終戦(C),ダ,1500,12,S,拮抗,9,5,メイショウトサンコ,今井貴大,愛知 宇都英樹,差し,0.08510283773747873,0.2533674526750639,0.2846732026143791
202648061912,2026-06-19,名古屋,12,金シャチ最終戦(C),ダ,1500,12,S,拮抗,10,7,チャットケリー,木之前葵,愛知 榎屋充,追込,0.07213088717421103,0.23047168751685773,0.2762855706385118
202648061912,2026-06-19,名古屋,12,金シャチ最終戦(C),ダ,1500,12,S,拮抗,11,2,エイシンハトホル,近藤颯羽,愛知 藤ヶ崎一,,0.07213088717421103,0.23047168751685773,0.2538888888888889
202648061912,2026-06-19,名古屋,12,金シャチ最終戦(C),ダ,1500,12,S,拮抗,12,10,サントロペ,小笠原羚,愛知 安部幸夫,,0.07213088717421103,0.23047168751685773,0.2538888888888889
202650061901,2026-06-19,園田,1,C3,ダ,820,12,M,拮抗,1,1,メイショウコウラン,新庄海誠,兵庫 徳本慶一,,0.10034863999816297,0.27593527571737614,0.21744444444444444
202650061901,2026-06-19,園田,1,C3,ダ,820,12,M,拮抗,2,12,トップザスマイル,竹村達也,兵庫 南弘樹,,0.10034863999816297,0.27593527571737614,0.21744444444444444
202650061901,2026-06-19,園田,1,C3,ダ,820,12,M,拮抗,3,2,マンゲタック,小牧太,兵庫 飯田良弘,差し,0.08409699360047751,0.2520467159084016,0.3274967320261438
202650061901,2026-06-19,園田,1,C3,ダ,820,12,M,拮抗,4,6,ベイサルシュート,佐々木世,兵庫 尾原強,,0.08409699360047751,0.2520467159084016,0.25477777777777777
202650061901,2026-06-19,園田,1,C3,ダ,820,12,M,拮抗,5,4,オーサムサンライズ,井上幹太,兵庫 新井隆太,,0.08409699360047751,0.2520467159084016,0.2414444444444444
202650061901,2026-06-19,園田,1,C3,ダ,820,12,M,拮抗,6,10,スミレブーケ,高畑皓一,兵庫 山元博徳,,0.08409699360047751,0.2520467159084016,0.2294444444444444
202650061901,2026-06-19,園田,1,C3,ダ,820,12,M,拮抗,7,3,ニッシンゲッポ,大山真吾,兵庫 吉見真幸,先行,0.08128232498342801,0.24744392431681905,0.3817823026646556
202650061901,2026-06-19,園田,1,C3,ダ,820,12,M,拮抗,8,9,ラヴスティンガー,下原理,兵庫 木村健,差し,0.08128232498342801,0.24744392431681905,0.3749979889391654
202650061901,2026-06-19,園田,1,C3,ダ,820,12,M,拮抗,9,5,セイウンダキシメテ,杉浦健太,兵庫 山口浩幸,差し,0.08128232498342801,0.24744392431681905,0.34652740070387134
202650061901,2026-06-19,園田,1,C3,ダ,820,12,M,拮抗,10,11,アレナトーレ,小谷哲平,兵庫 田中一巧,先行,0.08128232498342801,0.24744392431681905,0.3377038712921066
202650061901,2026-06-19,園田,1,C3,ダ,820,12,M,拮抗,11,8,ユウバエ,塩津璃菜,兵庫 平松徳彦,,0.0688927228340259,0.22508344383218254,0.267
202650061901,2026-06-19,園田,1,C3,ダ,820,12,M,拮抗,12,7,リベリューラ,南部楓馬,兵庫 寺地誠一,,0.0688927228340259,0.22508344383218254,0.2614444444444444
202650061902,2026-06-19,園田,2,3歳C1,ダ,1400,12,S,拮抗,1,1,パハロアスール,下原理,兵庫 柏原誠路,,0.105174500146612,0.2839389801909279,0.24522222222222223
202650061902,2026-06-19,園田,2,3歳C1,ダ,1400,12,S,拮抗,2,11,アサメシマエ,笹田知宏,兵庫 田村彰啓,,0.105174500146612,0.2839389801909279,0.21855555555555556
202650061902,2026-06-19,園田,2,3歳C1,ダ,1400,12,S,拮抗,3,12,グラフォス,小牧太,兵庫 田中範雄,,0.09621324917866035,0.27206696708189954,0.263
202650061902,2026-06-19,園田,2,3歳C1,ダ,1400,12,S,拮抗,4,2,シアワセノクツ,大山真吾,兵庫 吉見真幸,,0.09621324917866035,0.27206696708189954,0.23055555555555557
202650061902,2026-06-19,園田,2,3歳C1,ダ,1400,12,S,拮抗,5,10,グランマイース,吉村智洋,兵庫 石橋満,先行,0.08063133691305702,0.24851329856929122,0.45657201565129957
202650061902,2026-06-19,園田,2,3歳C1,ダ,1400,12,S,拮抗,6,6,レイナサンライズ,松木大地,兵庫 飯田良弘,差し,0.08063133691305702,0.24851329856929122,0.37731573655103073
202650061902,2026-06-19,園田,2,3歳C1,ダ,1400,12,S,拮抗,7,4,オクトンハッチ,竹村達也,兵庫 田中一巧,,0.08063133691305702,0.24851329856929122,0.24255555555555558
202650061902,2026-06-19,園田,2,3歳C1,ダ,1400,12,S,拮抗,8,3,バンブトンコール,佐々木世,兵庫 坂本和也,差し,0.07793266144508361,0.24397503304605828,0.37328557063851187
202650061902,2026-06-19,園田,2,3歳C1,ダ,1400,12,S,拮抗,9,7,ユイアンゴロー,廣瀬航,兵庫 石橋満,差し,0.07793266144508361,0.24397503304605828,0.32079152002681416
202650061902,2026-06-19,園田,2,3歳C1,ダ,1400,12,S,拮抗,10,9,ジェイパック,山本咲希,兵庫 松浦聡志,差し,0.07793266144508361,0.24397503304605828,0.3186973353443942
202650061902,2026-06-19,園田,2,3歳C1,ダ,1400,12,S,拮抗,11,8,ウインリフレクト,永井孝典,兵庫 田村彰啓,差し,0.07793266144508361,0.24397503304605828,0.27638059326294623
202650061902,2026-06-19,園田,2,3歳C1,ダ,1400,12,S,拮抗,12,5,ハリエンジュ,南部楓馬,兵庫 長倉功,差し,0.04359984482994988,0.16654807756223808,0.37289140271493215
202650061903,2026-06-19,園田,3,C3二,ダ,1400,10,M,拮抗,1,5,ピーチクパーチク,永井孝典,兵庫 南弘樹,,0.11735832167873322,0.3218601095892652,0.24566666666666664
202650061903,2026-06-19,園田,3,C3二,ダ,1400,10,M,拮抗,2,8,ドリームチェイサー,小谷哲平,兵庫 溝橋利喜,,0.11735832167873322,0.3218601095892652,0.2403333333333333
202650061903,2026-06-19,園田,3,C3二,ダ,1400,10,M,拮抗,3,2,メイショウマンゲツ,山本咲希,兵庫 森澤友貴,,0.11735832167873322,0.3218601095892652,0.23366666666666663
202650061903,2026-06-19,園田,3,C3二,ダ,1400,10,M,拮抗,4,7,レンガノコブタサン,山田雄大,兵庫 土屋洋之,,0.11735832167873322,0.3218601095892652,0.23366666666666663
202650061903,2026-06-19,園田,3,C3二,ダ,1400,10,M,拮抗,5,9,エイシンバーマン,長尾翼玖,兵庫 岡田利一,,0.11735832167873322,0.3218601095892652,0.22166666666666662
202650061903,2026-06-19,園田,3,C3二,ダ,1400,10,M,拮抗,6,1,ブロンドエール,土方颯太,兵庫 高馬元紘,先行,0.10165424890126927,0.304307801116087,0.39455957767722477
202650061903,2026-06-19,園田,3,C3二,ダ,1400,10,M,拮抗,7,6,インザスカイ,南部楓馬,兵庫 栗林徹治,差し,0.08022723921516133,0.27538506273214625,0.4013288084464555
202650061903,2026-06-19,園田,3,C3二,ダ,1400,10,M,拮抗,8,3,イタリックタイプ,竹村達也,兵庫 南弘樹,先行,0.08022723921516133,0.27538506273214625,0.3630935143288085
202650061903,2026-06-19,園田,3,C3二,ダ,1400,10,M,拮抗,9,4,チョウハクタカ,山本屋太,兵庫 織田誠,差し,0.08022723921516133,0.27538506273214625,0.31917194570135743
202650061903,2026-06-19,園田,3,C3二,ダ,1400,10,M,拮抗,10,10,トキノケリー,佐々木世,兵庫 北野真弘,,0.07087242505958066,0.26023646274114803,0.235
202650061904,2026-06-19,園田,4,C3一,ダ,1400,10,M,拮抗,1,1,ワンダーエトワール,川原正一,兵庫 西村守幸,,0.11933626991595472,0.3260965632895791,0.30433333333333334
202650061904,2026-06-19,園田,4,C3一,ダ,1400,10,M,拮抗,2,3,アラタマノキセキ,廣瀬航,兵庫 高本友芳,,0.11933626991595472,0.3260965632895791,0.26462962962962966
202650061904,2026-06-19,園田,4,C3一,ダ,1400,10,M,拮抗,3,6,アカノストロング,高畑皓一,兵庫 尾原強,,0.11933626991595472,0.3260965632895791,0.23500000000000004
202650061904,2026-06-19,園田,4,C3一,ダ,1400,10,M,拮抗,4,7,ジョイブラック,小谷哲平,兵庫 稻田彰宏,,0.1173314748297997,0.3240126428864612,0.243
202650061904,2026-06-19,園田,4,C3一,ダ,1400,10,M,拮抗,5,2,ラブユーサクラ,田野豊三,兵庫 雑賀伸一,,0.1173314748297997,0.3240126428864612,0.23633333333333334
202650061904,2026-06-19,園田,4,C3一,ダ,1400,10,M,拮抗,6,9,サクセスカノン,大山真吾,兵庫 森澤友貴,先行,0.09791657575201117,0.30176327587685964,0.31678883861236806
202650061904,2026-06-19,園田,4,C3一,ダ,1400,10,M,拮抗,7,8,トゥームレイダー,吉村智洋,兵庫 諏訪貴正,先行,0.08830374464897713,0.28905313789835063,0.43298780247885116
202650061904,2026-06-19,園田,4,C3一,ダ,1400,10,M,拮抗,8,5,メリーゴーラウンド,小谷周平,兵庫 溝橋利喜,先行,0.08830374464897713,0.28905313789835063,0.4127797888386124
202650061904,2026-06-19,園田,4,C3一,ダ,1400,10,M,拮抗,9,4,レベッカレインボー,山本咲希,兵庫 石橋満,追込,0.08830374464897713,0.28905313789835063,0.31088687782805435
202650061904,2026-06-19,園田,4,C3一,ダ,1400,10,M,拮抗,10,10,スマートレイヴ,南部楓馬,兵庫 寺地誠一,先行,0.044500430893593866,0.20476233478642827,0.37212217194570135
202650061905,2026-06-19,園田,5,C2二,ダ,1400,11,S,拮抗,1,6,イマジンレノン,吉村智洋,兵庫 保利良平,,0.11545814666430028,0.3068801113916235,0.304733860342556
202650061905,2026-06-19,園田,5,C2二,ダ,1400,11,S,拮抗,2,2,キークラシック,下原理,兵庫 保利幸作,,0.11123837190106001,0.302292408716274,0.25621212121212117
202650061905,2026-06-19,園田,5,C2二,ダ,1400,11,S,拮抗,3,3,フォーウィンド,土方颯太,兵庫 高馬元紘,,0.11123837190106001,0.302292408716274,0.2415454545454545
202650061905,2026-06-19,園田,5,C2二,ダ,1400,11,S,拮抗,4,11,ウィステリアダディ,竹村達也,兵庫 保利良次,,0.11123837190106001,0.302292408716274,0.21754545454545454
202650061905,2026-06-19,園田,5,C2二,ダ,1400,11,S,拮抗,5,8,メイショウヨウホウ,長尾翼玖,兵庫 山元博徳,,0.10031769097396565,0.2895599838926266,0.2295454545454545
202650061905,2026-06-19,園田,5,C2二,ダ,1400,11,S,拮抗,6,9,メメニシコリ,大山真吾,兵庫 土屋洋之,,0.10031769097396565,0.2895599838926266,0.2295454545454545
202650061905,2026-06-19,園田,5,C2二,ダ,1400,11,S,拮抗,7,10,ハッピーモンスター,小谷周平,兵庫 諏訪貴正,追込,0.09112150698956512,0.2777128894391748,0.16765857671740025
202650061905,2026-06-19,園田,5,C2二,ダ,1400,11,S,拮抗,8,7,メイショウフィガロ,杉浦健太,兵庫 有馬澄男,先行,0.08049637802086523,0.26243623851003467,0.40037350884409717
202650061905,2026-06-19,園田,5,C2二,ダ,1400,11,S,拮抗,9,4,ハイグッドシャイン,山田雄大,兵庫 西川進也,,0.07363779305539803,0.25146329473958023,0.25487878787878787
202650061905,2026-06-19,園田,5,C2二,ダ,1400,11,S,拮抗,10,1,パイラタナー,田野豊三,兵庫 北野真弘,差し,0.06171201733722014,0.22969334908645195,0.28500548471136705
202650061905,2026-06-19,園田,5,C2二,ダ,1400,11,S,拮抗,11,5,フェイスナイン,南部楓馬,兵庫 栗林徹治,,0.04322366028153994,0.185816922899059,0.267
202650061906,2026-06-19,園田,6,C2一,ダ,1400,11,S,拮抗,1,9,メイショウピスカリ,板野央,兵庫 黒田隆男,,0.12581634470669117,0.31809927238349855,0.22833333333333333
202650061906,2026-06-19,園田,6,C2一,ダ,1400,11,S,拮抗,2,10,ヴィオマージュ,山本屋太,兵庫 栗林徹治,,0.12581634470669117,0.31809927238349855,0.21633333333333332
202650061906,2026-06-19,園田,6,C2一,ダ,1400,11,S,拮抗,3,4,クリノエニシ,廣瀬航,兵庫 橋本忠明,差し,0.10306313134274708,0.2922344905625302,0.36579101726160546
202650061906,2026-06-19,園田,6,C2一,ダ,1400,11,S,拮抗,4,11,タンバッフェ,松木大地,兵庫 溝橋利喜,,0.10306313134274708,0.2922344905625302,0.22966666666666669
202650061906,2026-06-19,園田,6,C2一,ダ,1400,11,S,拮抗,5,6,ペレストリーナ,小牧太,兵庫 藤川純,差し,0.09104556163156852,0.2761590238789549,0.4109105077928608
202650061906,2026-06-19,園田,6,C2一,ダ,1400,11,S,拮抗,6,7,スクイッドラン,永井孝典,兵庫 大塚信次,追込,0.09104556163156852,0.2761590238789549,0.16709803921568628
202650061906,2026-06-19,園田,6,C2一,ダ,1400,11,S,拮抗,7,1,エポエポサン,吉村智洋,兵庫 吉見真幸,差し,0.08328814775119577,0.2646123051104968,0.29503606793888126
202650061906,2026-06-19,園田,6,C2一,ダ,1400,11,S,拮抗,8,2,ヘルツアス,山本咲希,兵庫 石橋満,差し,0.06979947938064889,0.24170400945895737,0.3510693815987934
202650061906,2026-06-19,園田,6,C2一,ダ,1400,11,S,拮抗,9,5,レスプレンドール,小谷哲平,兵庫 稻田彰宏,,0.06979947938064889,0.24170400945895737,0.2603333333333333
202650061906,2026-06-19,園田,6,C2一,ダ,1400,11,S,拮抗,10,3,マジェンカ,田野豊三,兵庫 大山寿文,差し,0.06979947938064889,0.24170400945895737,0.22037254901960784
202650061906,2026-06-19,園田,6,C2一,ダ,1400,11,S,拮抗,11,8,エザルターレ,竹村達也,兵庫 渡瀬寛彰,差し,0.06746333874484392,0.23729009286266342,0.3038476621417798
202650061907,2026-06-19,園田,7,C2二,ダ,1230,10,S,拮抗,1,10,エイシンオキクルミ,下原理,兵庫 大山寿文,,0.12817901983421578,0.3375031557137996,0.23833333333333334
202650061907,2026-06-19,園田,7,C2二,ダ,1230,10,S,拮抗,2,4,ナムラハカ,土方颯太,兵庫 長南和宏,,0.12817901983421578,0.3375031557137996,0.23566666666666664
202650061907,2026-06-19,園田,7,C2二,ダ,1230,10,S,拮抗,3,2,エクスペリオン,吉村智洋,兵庫 高馬元紘,,0.1260256705692121,0.3353463414707617,0.2468550724637681
202650061907,2026-06-19,園田,7,C2二,ダ,1230,10,S,拮抗,4,3,ジーティーパール,高畑皓一,兵庫 尾原強,追込,0.1260256705692121,0.3353463414707617,0.18266666666666664
202650061907,2026-06-19,園田,7,C2二,ダ,1230,10,S,拮抗,5,6,キモンキャリントン,廣瀬航,兵庫 岡田利一,差し,0.10916179356298318,0.3170585752783063,0.3361047427518016
202650061907,2026-06-19,園田,7,C2二,ダ,1230,10,S,拮抗,6,1,ヌーヴォルミエール,山本屋太,兵庫 岡田利一,差し,0.1051721384810733,0.3123187097084892,0.23695173453996982
202650061907,2026-06-19,園田,7,C2二,ダ,1230,10,S,拮抗,7,7,モウショウ,高橋洸佑,兵庫 保利良次,,0.09484700204529778,0.29916398144631096,0.24366666666666664
202650061907,2026-06-19,園田,7,C2二,ダ,1230,10,S,拮抗,8,8,ハイライフ,小谷哲平,兵庫 茂崎正善,差し,0.06962205609725523,0.2598037181470351,0.36192609351432886
202650061907,2026-06-19,園田,7,C2二,ダ,1230,10,S,拮抗,9,5,サファリ,塩津璃菜,兵庫 栗林徹治,差し,0.05639381450326734,0.2329780105253679,0.39238159879336354
202650061907,2026-06-19,園田,7,C2二,ダ,1230,10,S,拮抗,10,9,バイカル,南部楓馬,兵庫 藤川純,,0.05639381450326734,0.2329780105253679,0.243
202650061908,2026-06-19,園田,8,C2一,ダ,1230,11,S,拮抗,1,8,アドーネ,田野豊三,兵庫 松浦聡志,,0.11828763093485026,0.31209940955743903,0.2640909090909091
202650061908,2026-06-19,園田,8,C2一,ダ,1230,11,S,拮抗,2,3,テイケイアンジェ,廣瀬航,兵庫 山口浩幸,,0.113964443925157,0.3074336810105197,0.27905387205387205
202650061908,2026-06-19,園田,8,C2一,ダ,1230,11,S,拮抗,3,11,モイスチャー,下原理,兵庫 諏訪貴正,,0.113964443925157,0.3074336810105197,0.23875757575757578
202650061908,2026-06-19,園田,8,C2一,ダ,1230,11,S,拮抗,4,2,モノノフイエロー,永井孝典,兵庫 田村彰啓,,0.113964443925157,0.3074336810105197,0.22409090909090912
202650061908,2026-06-19,園田,8,C2一,ダ,1230,11,S,拮抗,5,1,ダイシチセイ,竹村達也,兵庫 諏訪貴正,,0.113964443925157,0.3074336810105197,0.2120909090909091
202650061908,2026-06-19,園田,8,C2一,ダ,1230,11,S,拮抗,6,6,アークリオーソ,山田雄大,兵庫 諏訪貴正,,0.10277613446079926,0.2944847080331745,0.23609090909090913
202650061908,2026-06-19,園田,8,C2一,ダ,1230,11,S,拮抗,7,7,スノーデイ,杉浦健太,兵庫 飯田良弘,,0.09335458346086366,0.2824361227823206,0.24942424242424244
202650061908,2026-06-19,園田,8,C2一,ダ,1230,11,S,拮抗,8,10,マットーネロッソ,笹田知宏,兵庫 松浦聡志,差し,0.06322436780710311,0.23359988467179993,0.2925222816399287
202650061908,2026-06-19,園田,8,C2一,ダ,1230,11,S,拮抗,9,4,スカイピース,小谷哲平,兵庫 溝橋利喜,先行,0.06110829163980434,0.2293339628521609,0.42043932538050194
202650061908,2026-06-19,園田,8,C2一,ダ,1230,11,S,拮抗,10,9,サイファーシチー,高橋洸佑,兵庫 保利良平,追込,0.06110829163980434,0.2293339628521609,0.32415878239407653
202650061908,2026-06-19,園田,8,C2一,ダ,1230,11,S,拮抗,11,5,シロノクミキョク,塩津璃菜,兵庫 山元博徳,差し,0.04428292435614706,0.18897722520886523,0.26217647058823523
202650061909,2026-06-19,園田,9,C1,ダ,1700,9,M,拮抗,1,8,ヤマノアシオト,川原正一,兵庫 飯田良弘,先行,0.12320524201509964,0.3505736873488564,0.5072487011898776
202650061909,2026-06-19,園田,9,C1,ダ,1700,9,M,拮抗,2,5,エルクレスタワー,廣瀬航,兵庫 飯田良弘,差し,0.12320524201509964,0.3505736873488564,0.40895676219205634
202650061909,2026-06-19,園田,9,C1,ダ,1700,9,M,拮抗,3,6,グローリアスキング,土方颯太,兵庫 栗林徹治,先行,0.12320524201509964,0.3505736873488564,0.4037977207977208
202650061909,2026-06-19,園田,9,C1,ダ,1700,9,M,拮抗,4,7,パーティーモード,下原理,兵庫 西川進也,差し,0.12320524201509964,0.3505736873488564,0.3935624266800738
202650061909,2026-06-19,園田,9,C1,ダ,1700,9,M,拮抗,5,9,アウローラルミエル,笹田知宏,兵庫 石橋満,差し,0.12320524201509964,0.3505736873488564,0.3833663482487012
202650061909,2026-06-19,園田,9,C1,ダ,1700,9,M,拮抗,6,2,スマートエクシード,田野豊三,兵庫 有馬澄男,差し,0.12320524201509964,0.3505736873488564,0.34302849002849
202650061909,2026-06-19,園田,9,C1,ダ,1700,9,M,拮抗,7,4,ディザーヴユー,小牧太,兵庫 柏原誠路,差し,0.10281840768059976,0.32650042105823435,0.43322255739902804
202650061909,2026-06-19,園田,9,C1,ダ,1700,9,M,拮抗,8,1,メテオレーナ,杉浦健太,兵庫 保利良平,追込,0.10281840768059976,0.32650042105823435,0.32089726830903303
202650061909,2026-06-19,園田,9,C1,ダ,1700,9,M,拮抗,9,3,アンデルマット,塩津璃菜,兵庫 長南和宏,差し,0.05513173254820259,0.24355703379039279,0.4166561085972851
202650061910,2026-06-19,園田,10,兵庫ジョッキーズ楽天競馬賞B2,ダ,820,11,S,拮抗,1,3,ジューンコメット,杉浦健太,兵庫 保利良平,,0.11259596061059553,0.3003067870844489,0.2779090909090909
202650061910,2026-06-19,園田,10,兵庫ジョッキーズ楽天競馬賞B2,ダ,820,11,S,拮抗,2,11,アウタースペース,高畑皓一,兵庫 黒田隆男,,0.10848079328152997,0.29581735228763084,0.21390909090909088
202650061910,2026-06-19,園田,10,兵庫ジョッキーズ楽天競馬賞B2,ダ,820,11,S,拮抗,3,8,シリアスヒッター,小牧太,兵庫 田中範雄,,0.09783083401028697,0.283357654025516,0.27035353535353535
202650061910,2026-06-19,園田,10,兵庫ジョッキーズ楽天競馬賞B2,ダ,820,11,S,拮抗,4,4,ミニフィーユ,田野豊三,兵庫 土屋洋之,,0.09783083401028697,0.283357654025516,0.2512424242424242
202650061910,2026-06-19,園田,10,兵庫ジョッキーズ楽天競馬賞B2,ダ,820,11,S,拮抗,5,2,フローラルドレス,永井孝典,兵庫 石橋満,,0.09783083401028697,0.283357654025516,0.2392424242424242
202650061910,2026-06-19,園田,10,兵庫ジョッキーズ楽天競馬賞B2,ダ,820,11,S,拮抗,6,9,ウィンザーロア,新庄海誠,兵庫 田村彰啓,差し,0.08886262172219286,0.2717643224946177,0.3680357877416701
202650061910,2026-06-19,園田,10,兵庫ジョッキーズ楽天競馬賞B2,ダ,820,11,S,拮抗,7,6,デュアルタスク,笹田知宏,兵庫 松浦聡志,差し,0.08886262172219286,0.2717643224946177,0.32398752228163985
202650061910,2026-06-19,園田,10,兵庫ジョッキーズ楽天競馬賞B2,ダ,820,11,S,拮抗,8,5,ベラドンナリリー,吉村智洋,兵庫 高馬元紘,,0.08886262172219286,0.2717643224946177,0.2744308300395257
202650061910,2026-06-19,園田,10,兵庫ジョッキーズ楽天競馬賞B2,ダ,820,11,S,拮抗,9,10,スマートビビット,廣瀬航,兵庫 寺地誠一,差し,0.08886262172219286,0.2717643224946177,0.26792182762770994
202650061910,2026-06-19,園田,10,兵庫ジョッキーズ楽天競馬賞B2,ダ,820,11,S,拮抗,10,1,ザゴリ,小谷周平,兵庫 溝橋利喜,差し,0.07181232581555426,0.2460769900351854,0.34026504867681334
202650061910,2026-06-19,園田,10,兵庫ジョッキーズ楽天競馬賞B2,ダ,820,11,S,拮抗,11,7,ゴッドアマベル,南部楓馬,兵庫 永島太郎,,0.0581679313726878,0.22066861853771563,0.267
202650061911,2026-06-19,園田,11,アサヒスーパードライカップA1A2,ダ,1230,12,M,拮抗,1,8,ミルトプライム,杉浦健太,兵庫 保利良平,,0.10217990587431224,0.2811129540010234,0.2808888888888889
202650061911,2026-06-19,園田,11,アサヒスーパードライカップA1A2,ダ,1230,12,M,拮抗,2,3,ハナブサ,廣瀬航,兵庫 森澤友貴,,0.10217990587431224,0.2811129540010234,0.27051851851851855
202650061911,2026-06-19,園田,11,アサヒスーパードライカップA1A2,ダ,1230,12,M,拮抗,3,11,キングスピカ,小牧太,兵庫 保利良平,,0.08795521874915761,0.2604639297434936,0.30133333333333334
202650061911,2026-06-19,園田,11,アサヒスーパードライカップA1A2,ダ,1230,12,M,拮抗,4,6,サイレンスタイム,吉村智洋,兵庫 柏原誠路,先行,0.08563168260742486,0.256776146765079,0.4757334032832754
202650061911,2026-06-19,園田,11,アサヒスーパードライカップA1A2,ダ,1230,12,M,拮抗,5,9,ケイアイロベージ,下原理,兵庫 松浦聡志,差し,0.08563168260742486,0.256776146765079,0.46764303670186025
202650061911,2026-06-19,園田,11,アサヒスーパードライカップA1A2,ダ,1230,12,M,拮抗,6,10,ホクザンバーリイ,永井孝典,兵庫 橋本忠明,追込,0.08563168260742486,0.256776146765079,0.31789793866264454
202650061911,2026-06-19,園田,11,アサヒスーパードライカップA1A2,ダ,1230,12,M,拮抗,7,5,スネークアイズ,笹田知宏,兵庫 田中範雄,,0.08563168260742486,0.256776146765079,0.25422222222222224
202650061911,2026-06-19,園田,11,アサヒスーパードライカップA1A2,ダ,1230,12,M,拮抗,8,1,セイルオンセイラー,佐々木世,兵庫 田中一巧,,0.08563168260742486,0.256776146765079,0.23022222222222222
202650061911,2026-06-19,園田,11,アサヒスーパードライカップA1A2,ダ,1230,12,M,拮抗,9,12,ナリタシン,大山真吾,兵庫 坂本和也,,0.08563168260742486,0.256776146765079,0.21022222222222225
202650061911,2026-06-19,園田,11,アサヒスーパードライカップA1A2,ダ,1230,12,M,拮抗,10,2,ルクスメテオール,田野豊三,兵庫 永島太郎,先行,0.08276564900335445,0.252086987912167,0.4077606837606838
202650061911,2026-06-19,園田,11,アサヒスーパードライカップA1A2,ダ,1230,12,M,拮抗,11,7,ブラックサウザー,松木大地,兵庫 国澤利照,差し,0.07014994856666432,0.22930693304032598,0.40215284062342893
202650061911,2026-06-19,園田,11,アサヒスーパードライカップA1A2,ダ,1230,12,M,拮抗,12,4,ポンペイワーム,塩津璃菜,兵庫 田中一巧,差し,0.04097927628765011,0.15525936071149304,0.44426395173454003
202650061912,2026-06-19,園田,12,B1B2,ダ,820,12,S,拮抗,1,8,アンコロ,小牧太,兵庫 大山寿文,,0.08499271113960558,0.25269183396923167,0.2803333333333333
202650061912,2026-06-19,園田,12,B1B2,ダ,820,12,S,拮抗,2,1,タイラーテソーロ,渡瀬和幸,兵庫 溝橋利喜,差し,0.08499271113960558,0.25269183396923167,0.2594575163398693
202650061912,2026-06-19,園田,12,B1B2,ダ,820,12,S,拮抗,3,5,サバンナモンキー,吉村智洋,兵庫 土屋洋之,,0.08499271113960558,0.25269183396923167,0.2524106280193237
202650061912,2026-06-19,園田,12,B1B2,ダ,820,12,S,拮抗,4,3,トリニティノット,南部楓馬,兵庫 野田忍,,0.08499271113960558,0.25269183396923167,0.24922222222222223
202650061912,2026-06-19,園田,12,B1B2,ダ,820,12,S,拮抗,5,6,メイストーム,山田雄大,兵庫 黒田隆男,,0.08499271113960558,0.25269183396923167,0.24255555555555558
202650061912,2026-06-19,園田,12,B1B2,ダ,820,12,S,拮抗,6,2,イントゥザフロー,下原理,兵庫 盛本信春,先行,0.08214806347171032,0.2480772614505489,0.4789039718451484
202650061912,2026-06-19,園田,12,B1B2,ダ,820,12,S,拮抗,7,10,ラブラブフォー,土方颯太,兵庫 渡瀬寛彰,差し,0.08214806347171032,0.2480772614505489,0.3963685268979387
202650061912,2026-06-19,園田,12,B1B2,ダ,820,12,S,拮抗,8,4,セイウンダマシイ,山本屋太,兵庫 山口浩幸,差し,0.08214806347171032,0.2480772614505489,0.3449959778783308
202650061912,2026-06-19,園田,12,B1B2,ダ,820,12,S,拮抗,9,11,グランプリショット,竹村達也,兵庫 南弘樹,差し,0.08214806347171032,0.2480772614505489,0.31783459024635496
202650061912,2026-06-19,園田,12,B1B2,ダ,820,12,S,拮抗,10,7,ハーフェン,佐々木世,兵庫 田中一巧,追込,0.08214806347171032,0.2480772614505489,0.2931392659627954
202650061912,2026-06-19,園田,12,B1B2,ダ,820,12,S,拮抗,11,12,マイドオオキニ,田野豊三,兵庫 石橋満,追込,0.08214806347171032,0.2480772614505489,0.2912267471091001
202650061912,2026-06-19,園田,12,B1B2,ダ,820,12,S,拮抗,12,9,カンタウッドテール,塩津璃菜,兵庫 長南和宏,,0.08214806347171032,0.2480772614505489,0.24388888888888888
